{
	"format_version": "1.8.0",
	"animations": {
		"drill_demat": {
			"loop": "hold_on_last_frame",
			"animation_length": 3,
			"bones": {
				"bone": {
					"rotation": {
						"0.0": [
							0,
							0,
							0
						],
						"0.5417": [
							0,
							0,
							0
						],
						"0.7083": [
							0,
							0,
							0
						],
						"0.75": [
							9.64589,
							0,
							0
						],
						"0.7917": [
							35.13321,
							0,
							0
						],
						"0.8333": [
							70.5769,
							0,
							0
						],
						"0.875": [
							109.42004,
							0,
							0
						],
						"0.9167": [
							144.86427,
							0,
							0
						],
						"0.9583": [
							170.35261,
							0,
							0
						],
						"1.0": [
							180,
							0,
							0
						],
						"1.5417": [
							180,
							0,
							0
						],
						"1.5833": [
							180,
							11.77395,
							0
						],
						"1.625": [
							180,
							29.19074,
							0
						],
						"1.6667": [
							180,
							48.23897,
							0
						],
						"1.7083": [
							180,
							68.15231,
							0
						],
						"1.75": [
							180,
							88.62164,
							0
						],
						"1.7917": [
							180,
							109.47776,
							0
						],
						"1.8333": [
							180,
							130.62052,
							0
						],
						"1.875": [
							180,
							151.98281,
							0
						],
						"1.9167": [
							180,
							173.51776,
							0
						],
						"1.9583": [
							180,
							195.19082,
							0
						],
						"2.375": [
							180,
							415.18699,
							0
						],
						"2.5417": [
							180,
							503.02856,
							0
						],
						"2.5833": [
							180,
							524.81092,
							0
						],
						"2.625": [
							180,
							546.48397,
							0
						],
						"2.6667": [
							180,
							568.01891,
							0
						],
						"2.7083": [
							180,
							589.38118,
							0
						],
						"2.75": [
							180,
							610.52392,
							0
						],
						"2.7917": [
							180,
							631.38001,
							0
						],
						"2.8333": [
							180,
							651.84931,
							0
						],
						"2.875": [
							180,
							671.76259,
							0
						],
						"2.9167": [
							180,
							690.81074,
							0
						],
						"2.9583": [
							180,
							708.22734,
							0
						],
						"3.0": [
							180,
							"360 * 2",
							0
						]
					},
					"position": {
						"0.0": [
							0,
							0,
							0
						],
						"0.7083": [
							0,
							0,
							0
						],
						"1.0": {
							"pre": [
								0,
								32,
								0
							],
							"post": [
								0,
								32,
								0
							],
							"lerp_mode": "catmullrom"
						},
						"1.0417": [
							0,
							31.41043,
							0
						],
						"1.0833": [
							0,
							30.51029,
							0
						],
						"1.125": [
							0,
							29.51617,
							0
						],
						"1.1667": [
							0,
							28.47195,
							0
						],
						"1.2083": [
							0,
							27.39588,
							0
						],
						"1.25": [
							0,
							26.29762,
							0
						],
						"1.2917": [
							0,
							25.18307,
							0
						],
						"1.75": [
							0,
							12.52606,
							0
						],
						"1.9167": [
							0,
							7.94369,
							0
						],
						"1.9583": [
							0,
							6.81693,
							0
						],
						"2.0": [
							0,
							5.70238,
							0
						],
						"2.0417": [
							0,
							4.60412,
							0
						],
						"2.0833": [
							0,
							3.52805,
							0
						],
						"2.125": [
							0,
							2.48383,
							0
						],
						"2.1667": [
							0,
							1.48971,
							0
						],
						"2.2083": [
							0,
							0.58957,
							0
						],
						"2.25": [
							0,
							0,
							0
						],
						"2.2917": [
							0,
							-1.7875,
							0
						],
						"2.3333": [
							0,
							-4.88921,
							0
						],
						"2.375": [
							0,
							-8.4673,
							0
						],
						"2.4167": [
							0,
							-12.30312,
							0
						],
						"2.4583": [
							0,
							-16.29833,
							0
						],
						"2.5": [
							0,
							-20.39745,
							0
						],
						"2.5417": [
							0,
							-24.56439,
							0
						],
						"2.5833": [
							0,
							-28.77245,
							0
						],
						"2.6667": [
							0,
							-37.22755,
							0
						],
						"2.7083": [
							0,
							-41.43561,
							0
						],
						"2.75": [
							0,
							-45.60255,
							0
						],
						"2.7917": [
							0,
							-49.70167,
							0
						],
						"2.8333": [
							0,
							-53.69688,
							0
						],
						"2.875": [
							0,
							-57.5327,
							0
						],
						"2.9167": [
							0,
							-61.11079,
							0
						],
						"2.9583": [
							0,
							-64.2125,
							0
						],
						"3.0": [
							0,
							-66,
							0
						]
					},
					"scale": {
						"0.0": [
							1,
							1,
							1
						],
						"0.5417": [
							1,
							1,
							1
						],
						"1.0833": [
							1,
							1,
							1
						],
						"1.625": [
							1,
							1,
							1
						],
						"2.1667": [
							1,
							1,
							1
						],
						"2.7083": [
							1,
							1,
							1
						],
						"2.9583": [
							1,
							1,
							1
						],
						"3.0": [
							0,
							0,
							0
						]
					}
				}
			}
		},
		"drill_mat": {
			"loop": "hold_on_last_frame",
			"animation_length": 3,
			"bones": {
				"bone": {
					"rotation": {
						"0.0": [0, "360 * 2", 0],
						"0.0417": [0, 712.22686, 0],
						"0.0833": [0, 701.74062, 0],
						"0.125": [0, 690.50079, 0],
						"0.1667": [0, 678.92253, 0],
						"0.2083": [0, 667.10692, 0],
						"0.25": [0, 655.12641, 0],
						"0.5417": [0, 568.8442, 0],
						"1.0833": [0, 404.51384, 0],
						"1.625": [0, 239.33093, 0],
						"1.9167": [0, 151.1548, 0],
						"2.125": [0, 89.18277, 0],
						"2.2083": [0, 64.87263, 0],
						"2.25": [0, 52.89213, 0],
						"2.2917": [0, 41.07653, 0],
						"2.3333": [0, 29.49829, 0],
						"2.375": [0, 18.25938, 0],
						"2.4167": [0, 7.77235, 0],
						"2.4583": [0, 0, 0],
						"3.0": [0, 0, 0]
					},
					"position": {
						"0.0": [0, -100, 0],
						"0.0417": [0, -98.58281, 0],
						"0.0833": [0, -96.55632, 0],
						"0.125": [0, -94.36234, 0],
						"0.1667": [0, -92.07934, 0],
						"0.2083": [0, -89.73972, 0],
						"0.25": [0, -87.36008, 0],
						"0.2917": [0, -84.95081, 0],
						"0.3333": [0, -82.51822, 0],
						"0.375": [0, -80.06731, 0],
						"0.4167": [0, -77.60151, 0],
						"0.4583": [0, -75.1235, 0],
						"1.0": [0, -42.4274, 0],
						"1.2083": [0, -29.8614, 0],
						"1.2917": [0, -24.8765, 0],
						"1.3333": [0, -22.39849, 0],
						"1.375": [0, -19.93269, 0],
						"1.4167": [0, -17.48178, 0],
						"1.4583": [0, -15.04919, 0],
						"1.5": [0, -12.63992, 0],
						"1.5417": [0, -10.26028, 0],
						"1.5833": [0, -7.92066, 0],
						"1.625": [0, -5.63766, 0],
						"1.6667": [0, -3.44368, 0],
						"1.7083": [0, -1.41719, 0],
						"1.75": [0, 0, 0]
					},
					"scale": {
						"0.0": [0, 0, 0],
						"0.0417": [1, 1, 1]
					}
				}
			}
		}
	}
}